cell	scDblFinder.cluster	scDblFinder.class	scDblFinder.score	scDblFinder.weighted	scDblFinder.difficulty	scDblFinder.cxds_score	scDblFinder.mostLikelyOrigin	scDblFinder.originAmbiguous	sample_name	is_doublet
pbmc_1k_v3:AATGACCGTGTCATCA	1	doublet	0.9998331069946289	1	0.0012478181776011121	0.6857030955398576	1+3	FALSE	test	TRUE
pbmc_1k_v3:ACCCTTGGTATCGTAC	3	doublet	0.9986108541488647	0.8600615021980754	0.0022807394232705613	0.1404789091824765	2+4	FALSE	test	TRUE
pbmc_1k_v3:AGGCCACAGGGCCAAT	2	doublet	0.9996494054794312	1	0.0018575046664086603	0.36182312737320005	1+4	FALSE	test	TRUE
pbmc_1k_v3:ATGGGAGCACTCCGGA	1	doublet	0.995667576789856	0.7285911723897905	0.029625433884309937	0.0190961230967007	2+5	FALSE	test	TRUE
pbmc_1k_v3:CAAGCTAGTGGCTGCT	1	doublet	0.9995556473731995	1	0.001543076533191634	0.8082594811169905	2+3	FALSE	test	TRUE
pbmc_1k_v3:CATCGTCTCCGTTGAA	3	doublet	0.9995027780532837	0.8972882696869676	0.0031923384238512487	0.2212754754301774	5+6	TRUE	test	TRUE
pbmc_1k_v3:CCTAAGAAGACTCTAC	5	doublet	0.9996665716171265	1	0.0022807394232705613	0.18417711853139973	2+4	FALSE	test	TRUE
pbmc_1k_v3:CGTTAGATCATTATCC	6	doublet	0.9935027956962585	0.671758624459104	0.029625433884309937	0.08001306919962058	2+5	FALSE	test	TRUE
pbmc_1k_v3:CTCCCTCCACCGGAAA	1	doublet	0.9996892213821411	0.9560749438881687	0.0012478181776011121	0.3838343388622262	1+3	FALSE	test	TRUE
pbmc_1k_v3:CTGGACGGTTCCCAAA	3	doublet	0.7360488176345825	0.8027016077104165	0.009376531709795466	0.10613133467339017	1+5	FALSE	test	TRUE
pbmc_1k_v3:GTGGAAGAGCCAAGTG	2	doublet	0.9991362690925598	0.9654026584332055	0.0012478181776011121	0.284277722439757	1+3	FALSE	test	TRUE
pbmc_1k_v3:TCGATTTGTACGCTTA	3	doublet	0.9941573143005371	0.8498974545187861	0.0022807394232705613	0.11517938759207703	2+4	FALSE	test	TRUE
pbmc_1k_v3:TGGGCTGCATCCGATA	2	doublet	0.9997125267982483	1	0.001543076533191634	0.32535933362846436	2+3	FALSE	test	TRUE
