,Parent,Child,The proportion of child clone
0,2,1,13.694299133896447
1,2,0,3.5947472409286276
