,Parent,Child,The proportion of child clone
0,2,1,13.592043344277634
1,2,0,3.544937684656626
